Book Id,Title,Author,Author l-f,Additional Authors,ISBN,ISBN13,My Rating,Average Rating,Publisher,Binding,Number of Pages,Year Published,Original Publication Year,Date Read,Date Added,Bookshelves,Bookshelves with positions,Exclusive Shelf,My Review,Spoiler,Private Notes,Read Count,Recommended For,Recommended By,Owned Copies,Original Purchase Date,Original Purchase Location,Condition,Condition Description,BCID
24911427,Catholic Realism,Sebastian Mahfood,"Mahfood, Sebastian",Ronda Chervin,"=""""","=""""",3,4.17,En Route Books,Paperback,,2014,2015,,2015/11/07,,,read,,,,1,,,0,,,,,
23474993,"The New American Bible, Revised Edition",United States Conference of Catholic Bishops,"Bishops, United States Conference of Catholic",,"=""""","=""""",5,4.73,Our Sunday Visitor,Kindle Edition,1944,2013,1992,,2015/12/30,,,read,,,,1,,,0,,,,,
49116,"Harry Potter and the Prisoner of Azkaban (Harry Potter, #3)",J.K. Rowling,"Rowling, J.K.",Mary GrandPré,"=""0439136350""","=""9780439136358""",0,4.57,Arthur A. Levine Books / Scholastic Inc.,Hardcover,435,1999,1999,,2014/09/14,own,own (#2),read,,,,1,,,0,,,,,
8258475,Light of Faith : The Compendium of Theology,Thomas Aquinas,"Aquinas, Thomas",,"=""0965057895""","=""9780965057899""",0,4.13,Book of the Month Club,Hardcover,,1998,1948,,2014/09/14,to-read,to-read (#36),to-read,,,,0,,,0,,,,,
672763,Rediscovering Catholicism: Journeying Toward Our Spiritual North Star,Matthew Kelly,"Kelly, Matthew",,"=""1592760120""","=""9781592760121""",3,4.18,Our Sunday Visitor,Hardcover,313,2003,2002,,2013/03/20,,,read,,,,1,,,0,,,,,
115929,The New American Bible,Anonymous,"Anonymous, Anonymous",United States Conference of Catholic Bishops,"=""0529064847""","=""9780529064844""",5,4.52,Nelson Bibles,Paperback,1394,2011,1899,,2013/10/14,currently-reading,currently-reading (#1),currently-reading,,,,1,,,0,,,,,
19682631,The God of Jesus Christ: Meditations on the Triune God,Benedict XVI,"XVI, Benedict",,"=""""","=""""",5,4.52,Ignatius Press,Hardcover,120,2008,1976,,2014/01/31,,,read,,,,1,,,0,,,,,
22535480,"Elon Musk: Tesla, SpaceX, and the Quest for a Fantastic Future",Ashlee Vance,"Vance, Ashlee",,"=""0062301268""","=""9780062301260""",5,4.21,Ecco,ebook,416,2015,2015,,2015/06/06,,,read,,,,1,,,0,,,,,
22631798,Catholic Literary Giants: A Field Guide to the Catholic Literary Landscape,Joseph Pearce,"Pearce, Joseph",,"=""1586179446""","=""9781586179441""",4,3.83,Ignatius Press,Hardcover,450,2014,2005,,2015/03/29,,,read,,,,1,,,0,,,,,
6404803,Highest Duty: My Search for What Really Matters,Chesley B. Sullenberger,"Sullenberger, Chesley B.",Jeffrey Zaslow,"=""0061924687""","=""9780061924682""",3,4.16,William Morrow,Hardcover,352,2009,2009,,2013/03/20,,,read,,,,1,,,0,,,,,
21898815,Vision to Reality: How Short Term Massive Action Equals Long Term Maximum Results,Honoree Corder,"Corder, Honoree",,"=""0984796789""","=""9780984796786""",2,3.86,Honoree Enterprises Publishing,Paperback,162,2014,2014,,2016/02/15,,,read,,,,1,,,0,,,,,
9818767,"Speaker for the Dead (Ender's Saga, #2)",Orson Scott Card,"Card, Orson Scott","Aaron Johnston, Pop Mhan, Veronica Gandini","=""0785135863""","=""9780785135869""",0,4.07,Marvel,Hardcover,128,2011,1986,,2013/03/20,to-read,to-read (#10),to-read,,,,0,,,0,,,,,
22669010,A Curious Mind: The Secret to a Bigger Life,Brian Grazer,"Grazer, Brian",Charles Fishman,"=""147673075X""","=""9781476730752""",4,3.37,Simon  Schuster,Hardcover,320,2015,2014,,2016/02/27,,,read,,,,1,,,0,,,,,
6738878,"You Can't Predict a Hero: From War to Wall Street, Leading in Times of Crisis",Joseph J. Grano Jr.,"Jr., Joseph J. Grano","Mark       Levine, Lee Iacocca","=""0470411678""","=""9780470411674""",4,3.23,Jossey-Bass,Hardcover,223,2009,2009,,2016/02/15,,,read,,,,1,,,0,,,,,
3828902,Thinking in Systems: A Primer,Donella H. Meadows,"Meadows, Donella H.",Diana       Wright,"=""1603580557""","=""9781603580557""",4,4.27,Chelsea Green Publishing,Paperback,240,2008,2008,,2016/02/15,,,read,,,,1,,,0,,,,,
25126613,"Solar Power Demystified: The Beginners Guide To Solar Power, Energy Independence And Lower Bills",Lacho Popo,"Popo, Lacho",Dimi Avram,"=""""","=""""",2,3.24,Digital Publishing Ltd,Kindle Edition,150,2015,2015,,2016/02/15,,,read,,,,1,,,0,,,,,
15418170,"The Autobiography of St. Ignatius Loyola, with Related Documents",Joseph F. O'Callaghan,"O'Callaghan, Joseph F.",Ignatius of Loyola,"=""0844652407""","=""9780844652405""",4,3.83,Peter Smith Publisher,Hardcover,,,,,2016/02/15,,,read,,,,1,,,0,,,,,
30659,Meditations,Marcus Aurelius,"Aurelius, Marcus","Martin Hammond, Albert Wittstock, Simone Mooij-Valk, Diskin Clay","=""0140449337""","=""9780140449334""",4,4.22,Penguin Books,Paperback,303,2006,180,,2016/02/15,,,read,,,,1,,,0,,,,,
10650773,How to Read Churches: A Crash Course in Ecclesiastical Architecture,Denis R. McNamara,"McNamara, Denis R.",,"=""0847835987""","=""9780847835980""",5,3.92,Rizzoli,Paperback,256,2011,2011,,2016/02/15,,,read,,,,1,,,0,,,,,
448135,The Coldest Winter: America and the Korean War,David Halberstam,"Halberstam, David",,"=""1401300529""","=""9781401300524""",4,4.22,Hyperion,Hardcover,734,2007,2007,,2016/02/15,,,read,,,,1,,,0,,,,,
4711854,The Machine Stops,E.M. Forster,"Forster, E.M.",,"=""140990329X""","=""9781409903291""",5,4.07,Dodo Press,Paperback,48,2008,1909,,2016/02/15,,,read,,,,1,,,0,,,,,
8136842,"Smart Power: Climate Change, the Smart Grid, and the Future of Electric Utilities",Peter Fox-Penner,"Fox-Penner, Peter",,"=""1597267066""","=""9781597267069""",4,3.84,Island Press,Paperback,344,2010,2010,,2016/01/21,,,read,,,,1,,,0,,,,,
110795,Catechism of the Catholic Church,Pope John Paul II,"II, Pope John Paul","The Catholic Church, Benedict XVI, United States Conference of Catholic Bishops","=""0385479670""","=""9780385479677""",5,4.43,Image,Paperback,864,1995,1992,2015/12/30,2013/10/14,,,read,,,,1,,,0,,,,,
511405,The Rosary of Our Lady,Romano Guardini,"Guardini, Romano",,"=""0918477786""","=""9780918477781""",5,4.40,Sophia Institute Press,Paperback,164,1999,1998,,2015/12/30,,,read,,,,1,,,0,,,,,
19168322,Meditations for Advent,Bishop Jacques-Bénigne Bossuet,"Bossuet, Bishop Jacques-Bénigne",Christopher O. Blum,"=""""","=""""",5,4.33,Sophia Institute Press,Kindle Edition,105,2012,2012,,2015/12/24,,,read,,,,1,,,0,,,,,
25970842,Live Today Well,Fr. Thomas Dailey,"Dailey, Fr. Thomas",,"=""""","=""""",4,4.27,Sophia Institute Press,Kindle Edition,150,2015,2015,,2015/12/22,,,read,,,,1,,,0,,,,,
20697472,Joy to the World: How Christ's Coming Changed Everything (and Still Does),Scott Hahn,"Hahn, Scott",Mike Aquilina,"=""0804141126""","=""9780804141123""",4,4.27,Image,Hardcover,192,2014,2014,,2015/12/11,,,read,,,,1,,,0,,,,,
5043,"The Pillars of the Earth (Kingsbridge, #1)",Ken Follett,"Follett, Ken",,"=""""","=""""",5,4.31,NAL Trade,Paperback,976,2002,1989,,2015/11/15,,,read,,,,1,,,0,,,,,
18135,Romeo and Juliet,William Shakespeare,"Shakespeare, William","Paul Werstine, Barbara A. Mowat, Paavo Emil Cajander","=""0743477111""","=""9780743477116""",4,3.75,Simon Schuster,Paperback,301,2004,1595,,2013/03/20,,,read,,,,1,,,0,,,,,
68538,Rome Sweet Home: Our Journey to Catholicism,Scott Hahn,"Hahn, Scott","Kimberly Hahn, Peter Kreeft","=""0898704782""","=""9780898704785""",4,4.37,Ignatius Press,Paperback,198,1993,1993,,2013/03/20,,,read,,,,1,,,0,,,,,
1676414,Humanae Vitae: Of Human Life,Pope Paul VI,"VI, Pope Paul",,"=""0819833479""","=""9780819833471""",5,4.56,Pauline Books & Media,Paperback,16,1968,1968,,2015/11/07,,,read,,,,1,,,0,,,,,
306150,The Inferno,Dante Alighieri,"Alighieri, Dante","John Ciardi, Archibald T. MacAllister","=""0451527984""","=""9780451527981""",5,4.00,Signet Classics,Paperback,288,2001,1307,,2015/11/05,,,read,,,,1,,,0,,,,,
8664589,Confessions of a Mega Church Pastor: How I Discovered the Hidden Treasures of the Catholic Church,Allen R. Hunt,"Hunt, Allen R.",,"=""0984131833""","=""""",4,3.97,Wellspring,Hardcover,169,2010,2010,,2015/10/26,,,read,,,,1,,,0,,,,,
13236267,What Is Marriage?: Man and Woman: A Defense,Sherif Girgis,"Girgis, Sherif","Robert P. George, Ryan T. Anderson","=""1594036225""","=""9781594036224""",4,4.14,Encounter Books,Paperback,133,2012,2012,,2015/09/22,,,read,,,,1,,,0,,,,,
4934,The Brothers Karamazov,Fyodor Dostoyevsky,"Dostoyevsky, Fyodor","Fyodor Dostoyevsky, Richard Pevear, Larissa Volokhonsky","=""0374528373""","=""9780374528379""",4,4.32,"Farrar, Straus and Giroux",Paperback,796,2002,1879,,2015/09/21,,,read,,,,1,,,0,,,,,
350,Stranger in a Strange Land,Robert A. Heinlein,"Heinlein, Robert A.",,"=""0441788386""","=""9780441788385""",4,3.92,Ace,Paperback,525,1991,1961,,2015/09/16,,,read,,,,1,,,0,,,,,
26028623,Seven Deadly Sins,Kevin Vost,"Vost, Kevin",,"=""162282234X""","=""""",4,4.18,Sophia Institute Press,Paperback,224,2015,2015,,2015/09/08,,,read,,,,1,,,0,,,,,
11631101,Catholicism: A Journey to the Heart of the Faith,Robert Barron,"Barron, Robert",,"=""0307720519""","=""9780307720511""",5,4.51,Image,Hardcover,279,2011,2011,,2015/09/02,,,read,,,,1,,,0,,,,,
25131426,Seeds of the Word: Finding God in the Culture,Robert Barron,"Barron, Robert",,"=""""","=""""",4,4.34,Word on Fire,Kindle Edition,288,2015,2015,,2015/08/16,,,read,,,,1,,,0,,,,,
18736925,Capital in the Twenty-First Century,Thomas Piketty,"Piketty, Thomas",Arthur Goldhammer,"=""067443000X""","=""9780674430006""",3,4.04,Belknap Press,Hardcover,685,2014,2013,,2015/08/16,,,read,,,,1,,,0,,,,,
6452796,Drive: The Surprising Truth About What Motivates Us,Daniel H. Pink,"Pink, Daniel H.",,"=""1594488843""","=""9781594488849""",3,3.95,Riverhead Books,Hardcover,242,2009,2009,,2015/08/03,,,read,,,,1,,,0,,,,,
18077875,Essentialism: The Disciplined Pursuit of Less,Greg McKeown,"McKeown, Greg",,"=""0804137382""","=""9780804137386""",5,4.04,Crown Business,Hardcover,260,2014,2011,,2015/07/27,,,read,,,,1,,,0,,,,,
13523061,The Defining Decade: Why Your Twenties Matter - And How to Make the Most of Them Now,Meg Jay,"Jay, Meg",,"=""0446575062""","=""9780446575065""",3,4.14,Twelve,ebook,241,2012,2012,,2015/07/10,,,read,,,,1,,,0,,,,,
21856367,"The Innovators: How a Group of  Hackers, Geniuses and Geeks Created the Digital Revolution",Walter Isaacson,"Isaacson, Walter",,"=""147670869X""","=""9781476708690""",4,4.09,Simon and Schuster,Hardcover,542,2014,2014,,2015/07/10,,,read,,,,1,,,0,,,,,
16086274,The Four Signs of a Dynamic Catholic: How Engaging 1% of Catholics Could Change the World,Matthew Kelly,"Kelly, Matthew",,"=""1937509265""","=""9781937509262""",5,4.23,Beacon Publishing,Hardcover,216,2012,2012,,2015/07/04,,,read,,,,1,,,0,,,,,
774482,"Theodore Roosevelt (The American Presidents, #26)",Louis Auchincloss,"Auchincloss, Louis",,"=""1559277386""","=""9781559277389""",3,3.86,Macmillan Audio,Audio,0,2002,2002,,2015/06/25,,,read,,,,1,,,0,,,,,
1349038,John Paul II: A Personal Portrait of the Pope and the Man,Raymond Flynn,"Flynn, Raymond","Robin   Moore, James Vrabel","=""0312283288""","=""9780312283285""",5,4.12,St. Martins Press-3PL,Paperback,240,2000,2001,,2015/06/15,,,read,,,,1,,,0,,,,,
84119,"The Horse and His Boy (Chronicles of Narnia, #5)",C.S. Lewis,"Lewis, C.S.",,"=""0439861365""","=""9780439861366""",5,3.91,Scholastic Inc,Paperback,224,1995,1954,,2015/06/07,,,read,,,,1,,,0,,,,,
49673,The Napoleon of Notting Hill,G.K. Chesterton,"Chesterton, G.K.",,"=""1600965237""","=""9781600965234""",4,3.85,Waking Lion Press,Paperback,188,2008,1904,,2015/05/24,,,read,,,,1,,,0,,,,,
13497505,Love Does: Discover a Secretly Incredible Life in an Ordinary World,Bob Goff,"Goff, Bob",,"=""1400203759""","=""9781400203758""",4,4.29,Thomas Nelson,Paperback,224,2012,2012,,2015/04/27,,,read,,,,1,,,0,,,,,
4924862,I Will Teach You to Be Rich,Ramit Sethi,"Sethi, Ramit",,"=""0761147489""","=""9780761147480""",4,4.12,Workman Publishing Company,Paperback,266,2009,2009,,2015/04/27,,,read,,,,1,,,0,,,,,
334176,"The Sparrow (The Sparrow, #1)",Mary Doria Russell,"Russell, Mary Doria",,"=""0449912558""","=""9780449912553""",5,4.13,Ballantine Books,Paperback,516,1997,1996,,2015/04/20,,,read,,,,1,,,0,,,,,
247526,Reaching Out: The Three Movements of the Spiritual Life,Henri J.M. Nouwen,"Nouwen, Henri J.M.",,"=""0385236824""","=""9780385236829""",5,4.10,Image,Paperback,165,1986,1975,,2015/03/22,,,read,,,,1,,,0,,,,,
18007564,The Martian,Andy Weir,"Weir, Andy",,"=""0804139024""","=""9780804139021""",5,4.40,Crown,Hardcover,384,2014,2012,,2015/02/23,,,read,,,,1,,,0,,,,,
2341767,Physics for Future Presidents: The Science Behind the Headlines,Richard A. Muller,"Muller, Richard A.",,"=""0393066274""","=""9780393066272""",3,4.03,W. W. Norton  Company,Hardcover,380,2008,2006,,2015/02/08,,,read,,,,1,,,0,,,,,
1846,Wild at Heart: Discovering the Secret of a Man's Soul,John Eldredge,"Eldredge, John",,"=""0785268839""","=""9780785268833""",5,3.92,Thomas Nelson,Hardcover,256,2001,2001,,2013/03/20,,,read,,,,1,,,0,,,,,
1540695,Peace of Soul: Timeless Wisdom on Finding Serenity and Joy by the Century's Most Acclaimed Catholic Bishop,Fulton J. Sheen,"Sheen, Fulton J.",,"=""0892439157""","=""9780892439157""",3,4.38,Liguori Publications,Paperback,290,1996,1949,,2015/01/11,,,read,,,,1,,,0,,,,,
8837,"Wind, Sand and Stars",Antoine de Saint-Exupéry,"Saint-Exupéry, Antoine de",Lewis Galantière,"=""0156027496""","=""9780156027496""",4,4.17,Mariner Books,Paperback,229,2002,1939,,2014/12/29,,,read,,,,1,,,0,,,,,
175078,The Seven Storey Mountain,Thomas Merton,"Merton, Thomas","Robert Giroux, William H. Shannon","=""0156010860""","=""9780156010863""",5,4.08,"Harcourt, Inc.",Paperback,467,1999,1948,,2013/10/14,to-read,to-read (#20),to-read,,,,0,,,0,,,,,
1200308,"The Judge: William P. Clark, Ronald Reagan's Top Hand",Paul Kengor,"Kengor, Paul",,"=""1586171836""","=""9781586171834""",5,4.11,Ignatius Press,Hardcover,430,2007,2007,,2014/12/21,,,read,,,,1,,,0,,,,,
87665,Orthodoxy,G.K. Chesterton,"Chesterton, G.K.",,"=""160096527X""","=""9781600965272""",4,4.16,Waking Lion Press,Paperback,168,2008,1908,,2014/12/21,,,read,,,,1,,,0,,,,,
108427,The Prison Angel: Mother Antonia's Journey from Beverly Hills to a Life of Service in a Mexican Jail,Mary C. Jordan,"Jordan, Mary C.",Kevin Sullivan,"=""014303717X""","=""9780143037170""",5,4.17,Penguin Books,Paperback,272,2006,2005,,2014/12/07,,,read,,,,1,,,0,,,,,
19552577,Finding True Happiness,Fulton J. Sheen,"Sheen, Fulton J.",,"=""1937509370""","=""9781937509378""",5,4.30,Beacon Publishing,Paperback,80,2013,2013,,2014/12/07,,,read,,,,1,,,0,,,,,
17662409,"On Heaven and Earth: Pope Francis on Faith, Family, and the Church in the Twenty-First Century",Pope Francis,"Francis, Pope",Abraham Skorka,"=""0770435068""","=""9780770435066""",4,4.03,Image,Hardcover,236,2013,2010,,2014/12/07,,,read,,,,1,,,0,,,,,
8664353,"Unbroken: A World War II Story of Survival, Resilience and Redemption",Laura Hillenbrand,"Hillenbrand, Laura",,"=""1400064163""","=""9781400064168""",5,4.36,Random House,Hardcover,492,2010,2010,,2014/12/07,,,read,,,,1,,,0,,,,,
101438,Skunk Works: A Personal Memoir of My Years at Lockheed,Ben R. Rich,"Rich, Ben R.",Leo Janos,"=""""","=""""",0,4.41,"Back Bay Books/Little, Brown & Co. (NY)",Paperback,382,1996,1994,,2014/09/14,to-read,to-read (#35),to-read,,,,0,,,0,,,,,
967662,"You Are Mine (Wemmicksville, #2)",Max Lucado,"Lucado, Max",,"=""1581342764""","=""9781581342765""",5,4.52,Crossway Books,Hardcover,31,2001,2001,,2014/09/14,,,read,,,,1,,,0,,,,,
796947,"What Is a Man?: 3,000 Years of Wisdom on the Art of Manly Virtue",Waller R. Newell,"Newell, Waller R.",,"=""0060987588""","=""9780060987589""",0,4.02,Harper Paperbacks,Paperback,560,2001,2000,,2014/09/14,"own, to-read","own (#3), to-read (#34)",to-read,,,,0,,,0,,,,,
378,The Phantom Tollbooth,Norton Juster,"Juster, Norton",Jules Feiffer,"=""0394820371""","=""9780394820378""",5,4.20,Random House Bullseye Books,Paperback,256,1996,1961,,2014/09/14,own,own (#1),read,,,,1,,,0,,,,,
25708,Saint Thomas Aquinas,G.K. Chesterton,"Chesterton, G.K.",Anton C. Pegis,"=""0385090021""","=""9780385090025""",4,4.14,Image,Paperback,167,1974,1933,,2014/09/06,,,read,,,,1,,,0,,,,,
837491,"The Lion, the Witch and the Wardrobe",C.S. Lewis,"Lewis, C.S.",,"=""0573050813""","=""9780573050817""",5,4.22,Geoffrey Bles ,Paperback,224,1950,1950,,2014/07/27,,,read,,,,1,,,0,,,,,
213233,Better: A Surgeon's Notes on Performance,Atul Gawande,"Gawande, Atul",,"=""0805082115""","=""9780805082111""",4,4.24,Metropolitan Books,Hardcover,273,2007,2007,,2014/08/10,,,read,,,,1,,,0,,,,,
206058,Finding Darwin's God: A Scientist's Search for Common Ground Between God and Evolution,Kenneth R. Miller,"Miller, Kenneth R.",,"=""0061233501""","=""9780061233500""",4,3.94,Harper Perennial,Paperback,338,2007,1999,,2014/08/07,,,read,,,,1,,,0,,,,,
16280068,"Camerado, I Give You My Hand: How a Powerful Lawyer-Turned-Priest Is Changing the Lives of Men Behind Bars",Maura Poston Zagrans,"Zagrans, Maura Poston",,"=""0385348002""","=""9780385348003""",4,4.35,Image,Hardcover,288,2013,2013,,2014/07/27,,,read,,,,1,,,0,,,,,
245344,Structures: Or Why Things Don't Fall Down,J.E. Gordon,"Gordon, J.E.",,"=""0306812835""","=""9780306812835""",5,4.14,Da Capo Press,Paperback,395,2003,1978,,2014/07/27,,,read,,,,1,,,0,,,,,
2024691,St. Maria Goretti: In Garments All Red,Godfrey Poage,"Poage, Godfrey",Carlos Martins,"=""0895556154""","=""9780895556158""",5,4.28,TAN Books,Paperback,129,1950,1950,,2014/07/27,,,read,,,,1,,,0,,,,,
1303,The 48 Laws of Power,Robert Greene,"Greene, Robert",Joost Elffers,"=""0140280197""","=""9780140280197""",3,4.15,Penguin (Business),Paperback,452,2000,1998,,2014/06/09,,,read,,,,1,,,0,,,,,
9648031,YOUCAT: The Youth Catechism of the Catholic Church,Christoph Schönborn,"Schönborn, Christoph","Benedict XVI, Michael J. Miller, Alexander Von Lengerke","=""1586175165""","=""9781586175160""",5,4.41,Ignatius Press,Paperback,300,2011,2010,,2014/06/09,,,read,,,,1,,,0,,,,,
683201,A Concise Guide to the Documents of Vatican II,Edward P. Hahnenberg,"Hahnenberg, Edward P.",,"=""0867165529""","=""9780867165524""",5,4.07,Franciscan Media,Paperback,178,2007,2007,,2014/06/03,,,read,,,,1,,,0,,,,,
11,"The Hitchhiker's Guide to the Galaxy (Hitchhiker's Guide to the Galaxy, #1)",Douglas Adams,"Adams, Douglas",,"=""""","=""""",5,4.22,Del Rey Books,Mass Market Paperback,216,2005,1979,,2013/03/20,to-read,to-read (#6),to-read,,,,0,,,0,,,,,
227216,The Holy Longing: The Search for a Christian Spirituality,Ronald Rolheiser,"Rolheiser, Ronald",,"=""0385494181""","=""9780385494182""",4,3.96,Doubleday Books,Hardcover,272,1999,1999,,2014/05/28,,,read,,,,1,,,0,,,,,
25350,"Out of the Silent Planet (The Space Trilogy, #1)",C.S. Lewis,"Lewis, C.S.",,"=""0007157150""","=""9780007157150""",5,3.92,HarperCollins,Paperback,224,2005,1938,,2014/05/26,,,read,,,,1,,,0,,,,,
15843124,Evangelical Catholicism: Deep Reform in the 21st-Century Church,George Weigel,"Weigel, George",,"=""0465027687""","=""9780465027682""",4,4.08,Basic Books (AZ),Hardcover,291,2013,2013,,2014/05/06,,,read,,,,1,,,0,,,,,
17267,The Great Divorce,C.S. Lewis,"Lewis, C.S.",,"=""0006280560""","=""9780006280569""",5,4.28,HarperCollins,Paperback,160,2002,1945,,2013/03/20,,,read,,,,1,,,0,,,,,
449250,The Idea of a University,John Henry Newman,"Newman, John Henry",Martin J. Svaglic,"=""0268011508""","=""9780268011505""",5,4.12,University of Notre Dame Press,Paperback,428,1982,1873,,2014/05/03,,,read,,,,1,,,0,,,,,
1,"Harry Potter and the Half-Blood Prince (Harry Potter, #6)",J.K. Rowling,"Rowling, J.K.",,"=""""","=""""",5,4.57,Scholastic Inc.,Paperback,652,2006,2005,,2013/03/20,,,read,,,,1,,,0,,,,,
105598,For Better Forever: A Catholic Guide to Lifelong Marriage,Gregory K. Popcak,"Popcak, Gregory K.",,"=""0879736887""","=""9780879736880""",4,4.14,Our Sunday Visitor,Paperback,256,1999,1999,,2014/04/29,,,read,,,,1,,,0,,,,,
24583,The Adventures of Tom Sawyer,Mark Twain,"Twain, Mark","Guy Cardwell, John Seelye","=""0143039563""","=""9780143039563""",4,3.91,Penguin Classics,Paperback,244,2006,1876,,2013/03/20,,,read,,,,1,,,0,,,,,
68210,Gilead,Marilynne Robinson,"Robinson, Marilynne",,"=""031242440X""","=""9780312424404""",4,3.85,Picador USA,Paperback,247,2006,2004,,2014/04/25,,,read,,,,1,,,0,,,,,
25200,Silence,Shūsaku Endō,"Endō, Shūsaku",William Johnston,"=""0800871863""","=""9780800871864""",5,4.08,Taplinger Publishing Company,Paperback,219,1999,1966,,2014/04/09,,,read,,,,1,,,0,,,,,
62960,"In Good Company: The Fast Track from the Corporate World to Poverty, Chastity, and Obedience",James     Martin,"Martin, James",,"=""1580510817""","=""9781580510813""",4,4.24,Sheed & Ward,Paperback,202,2000,2000,,2014/04/04,,,read,,,,1,,,0,,,,,
2023345,The Portal of the Mystery of Hope,Charles Péguy,"Péguy, Charles",,"=""0826479359""","=""9780826479358""",4,4.41,Bloomsbury Academic,Paperback,192,2005,1971,,2014/04/03,,,read,,,,1,,,0,,,,,
105399,Vipers' Tangle,François Mauriac,"Mauriac, François","Robert Coles, Warre B. Wells","=""0829422110""","=""9780829422115""",4,4.06,Loyola Classics,Paperback,312,2005,1932,,2014/03/27,,,read,,,,1,,,0,,,,,
637656,Catholicism: Christ and the Common Destiny of Man,Henri de Lubac,"Lubac, Henri de",,"=""0898702038""","=""9780898702033""",5,4.44,Ignatius Press,Paperback,443,1988,1947,,2014/03/17,,,read,,,,1,,,0,,,,,
20413954,The Magician's Nephew (The Chronicles Of Narnia #1 ),C.S. Lewis,"Lewis, C.S.",Pauline Baynes,"=""""","=""""",5,4.04,Harper Collins,Kindle Edition,199,2009,1955,,2014/01/10,,,read,,,,1,,,0,,,,,
144974,The Velveteen Rabbit,Margery Williams Bianco,"Bianco, Margery Williams",William   Nicholson,"=""0380002558""","=""9780380002559""",5,4.29,Avon,Paperback,40,1987,1922,,2014/02/08,,,read,,,,1,,,0,,,,,
14437603,Life Out of Death: Meditations on the Paschal Mystery,Hans Urs von Balthasar,"Balthasar, Hans Urs von",,"=""1586171445""","=""9781586171445""",5,4.32,Ignatius Press,Paperback,105,2012,1985,,2014/02/04,,,read,,,,1,,,0,,,,,
493371,The Bottom Billion: Why the Poorest Countries Are Failing and What Can Be Done About It,Paul Collier,"Collier, Paul",هيثم نشواتي,"=""0195311450""","=""9780195311457""",4,3.87,"Oxford University Press, USA",Hardcover,205,2007,2007,,2014/01/21,,,read,,,,1,,,0,,,,,
6671664,Change by Design: How Design Thinking Transforms Organizations and Inspires Innovation,Tim    Brown,"Brown, Tim",,"=""0061766089""","=""9780061766084""",4,3.92,HarperBusiness,Hardcover,272,2009,2009,,2014/01/10,,,read,,,,1,,,0,,,,,
1976515,Liturgy: Sacrosanctum Concilium (Rediscovering Vatican II),Rita Ferrone,"Ferrone, Rita",,"=""0809144727""","=""9780809144723""",4,4.25,Paulist Press,Paperback,134,2007,2007,,2014/01/10,to-read,to-read (#33),to-read,,,,0,,,0,,,,,
1303535,Lumen Gentium: Dogmatic Constitution on the Church,Second Vatican Council,"Council, Second Vatican",Pope Paul VI,"=""0819818437""","=""9780819818430""",5,4.39,Pauline Books & Media,Paperback,110,2000,1964,,2014/01/10,,,read,,,,1,,,0,,,,,
672767,Scripture: Dei Verbum,Ronald D. Witherup,"Witherup, Ronald D.",,"=""080914428X""","=""9780809144280""",4,4.21,Paulist Press,Paperback,160,2006,2006,,2014/01/10,,,read,,,,1,,,0,,,,,
18490840,Lumen Fidei: The Light of Faith,Pope Francis,"Francis, Pope","Scott Hahn, Benedict XVI","=""0804185859""","=""9780804185851""",5,4.37,Image,Paperback,82,2013,2013,,2014/01/10,,,read,,,,1,,,0,,,,,
18512,"The Return of the King (The Lord of the Rings, #3)",J.R.R. Tolkien,"Tolkien, J.R.R.",,"=""""","=""""",5,4.53,Del Rey,Mass Market Paperback,404,2003,1955,,2013/07/09,,,read,,,,1,,,0,,,,,
18814832,Evangelii gaudium: Esortazione apostolica sulla conclusione dell'Anno della fede,Pope Francis,"Francis, Pope","Giuliano Vigini, Antonio Spadaro","=""8821591387""","=""9788821591389""",5,4.46,San Paolo,Mass Market Paperback,316,2013,2013,,2013/11/28,,,read,,,,1,,,0,,,,,
704383,Understanding the Scriptures: A Complete Course on Bible Study,Scott Hahn,"Hahn, Scott",James Socías,"=""1890177474""","=""9781890177478""",4,4.59,Midwest Theological Forum,Hardcover,548,2005,2005,2013/12/11,2013/10/14,,,read,,,,1,,,0,,,,,
15241,"The Two Towers (The Lord of the Rings, #2)",J.R.R. Tolkien,"Tolkien, J.R.R.",Peter S. Beagle,"=""0618346260""","=""9780618346264""",5,4.44,Houghton Mifflin,Paperback,322,2003,1954,,2013/07/09,,,read,,,,1,,,0,,,,,
12974599,Seven Reasons Why A Scientist Believes in God,A. Cressy Morrison,"Morrison, A. Cressy",,"=""""","=""""",3,3.73,Fleming H Revell Company,Hardcover,61,1962,1972,,2013/11/28,,,read,,,,1,,,0,,,,,
7333,The Philosophy of Tolkien: The Worldview Behind The Lord of the Rings,Peter Kreeft,"Kreeft, Peter",,"=""1586170252""","=""9781586170257""",0,4.21,Ignatius Press,Paperback,237,2005,2005,,2013/11/26,to-read,to-read (#32),to-read,,,,0,,,0,,,,,
2603026,Jesus-Shock,Peter Kreeft,"Kreeft, Peter",,"=""1587313944""","=""9781587313943""",5,4.11,St. Augustines Press,Hardcover,176,2008,2008,,2013/11/26,,,read,,,,1,,,0,,,,,
899146,Manalive,G.K. Chesterton,"Chesterton, G.K.",,"=""0486414051""","=""9780486414058""",5,4.19,Dover Publications,Paperback,160,2000,1912,,2013/11/21,,,read,,,,1,,,0,,,,,
34,"The Fellowship of the Ring (The Lord of the Rings, #1)",J.R.R. Tolkien,"Tolkien, J.R.R.",,"=""0618346252""","=""9780618346257""",5,4.36,Houghton Mifflin Harcourt,Paperback,398,2003,1954,,2013/07/09,,,read,,,,1,,,0,,,,,
30633,The Four Loves,C.S. Lewis,"Lewis, C.S.",,"=""0006280897""","=""9780006280897""",5,4.14,HarperCollins Publishers Ltd,Paperback,170,2002,1960,,2013/10/18,,,read,,,,1,,,0,,,,,
2199561,When You Are an RCIA Sponsor: Handing on the Faith,Rita Burns Senseman,"Senseman, Rita Burns",,"=""0867164492""","=""9780867164497""",4,4.33,St. Anthony Messenger Press,Paperback,63,2001,2001,,2013/10/16,,,read,,,,1,,,0,,,,,
10705367,Grow by Focusing on What Matters: Competitive Strategy in 3 Circles,Joel Urbany,"Urbany, Joel",Joel Urbany,"=""1606490923""","=""9781606490921""",3,4.12,Business Expert Press,Paperback,234,2011,2010,,2013/10/14,,,read,,,,1,,,0,,,,,
4687506,Breakthrough Marketing Plans: How to Stop Wasting Time and Start Driving Growth,Tim Calkins,"Calkins, Tim",,"=""0230607578""","=""9780230607576""",3,3.81,Palgrave Macmillan,Paperback,184,2008,2008,,2013/10/14,,,read,,,,1,,,0,,,,,
1909043,Negotiation Genius: How to Overcome Obstacles and Achieve Brilliant Results at the Bargaining Table and Beyond,Deepak Malhotra,"Malhotra, Deepak",Max H. Bazerman,"=""055380488X""","=""9780553804881""",4,4.18,Bantam,Hardcover,352,2007,2007,,2013/10/14,,,read,,,,1,,,0,,,,,
313605,Getting to Yes: Negotiating Agreement Without Giving In,Roger Fisher,"Fisher, Roger","William Ury, Bruce Patton","=""0140157352""","=""9780140157352""",3,3.94,Penguin Group,Paperback,224,1991,1981,,2013/10/14,,,read,,,,1,,,0,,,,,
313011,How the Catholic Church Built Western Civilization,Thomas E. Woods Jr.,"Jr., Thomas E. Woods",,"=""0895260387""","=""9780895260383""",0,4.11,Regnery History,Hardcover,280,2005,2005,,2013/10/14,to-read,to-read (#31),to-read,,,,0,,,0,,,,,
883436,Handbook of Christian Apologetics,Peter Kreeft,"Kreeft, Peter",Ronald K. Tacelli,"=""0830817743""","=""9780830817740""",0,4.22,IVP Academic,Paperback,406,1994,1994,,2013/10/14,to-read,to-read (#30),to-read,,,,0,,,0,,,,,
4064693,A Concise History of the Catholic Church,Thomas Bokenkotter,"Bokenkotter, Thomas",,"=""0385505841""","=""9780385505840""",0,3.73,Doubleday,Hardcover,624,2004,1977,,2013/10/14,to-read,to-read (#29),to-read,,,,0,,,0,,,,,
174872,Common Sense 101: Lessons from Chesterton,Dale Ahlquist,"Ahlquist, Dale",,"=""1586171399""","=""9781586171391""",0,4.29,Ignatius Press,Paperback,316,2006,2006,,2013/10/14,to-read,to-read (#28),to-read,,,,0,,,0,,,,,
982949,Compendium of the Social Doctrine of the Church,The Catholic Church,"Church, The Catholic","Enrique Colom, Renato Martino","=""1574556924""","=""9781574556926""",0,4.50,USCCB,Paperback,446,2005,2005,,2013/10/14,to-read,to-read (#27),to-read,,,,0,,,0,,,,,
414911,Man & Woman He Created Them (Tob),Pope John Paul II,"II, Pope John Paul",Michael Waldstein,"=""0819874213""","=""9780819874214""",0,4.59,Pauline Books & Media,Paperback,768,2006,1997,,2013/10/14,to-read,to-read (#26),to-read,,,,0,,,0,,,,,
168724,A Summa of the Summa,Peter Kreeft,"Kreeft, Peter",Thomas Aquinas,"=""089870300X""","=""9780898703009""",0,4.16,Ignatius Press,Paperback,539,1990,1990,,2013/10/14,to-read,to-read (#25),to-read,,,,0,,,0,,,,,
936055,The Way,Josemaría Escrivá,"Escrivá, Josemaría",,"=""9715540171""","=""9789715540179""",0,4.51,,,403,,1934,,2013/10/14,to-read,to-read (#24),to-read,,,,0,,,0,,,,,
112760,The Everlasting Man,G.K. Chesterton,"Chesterton, G.K.",,"=""1573832979""","=""9781573832977""",0,4.19,Regent College Publishing,Paperback,260,2006,1925,,2013/10/14,to-read,to-read (#23),to-read,,,,0,,,0,,,,,
406639,Interior Castle,Teresa of Ávila,"Ávila, Teresa of",,"=""0385036434""","=""9780385036436""",0,4.09,Image,Paperback,288,1972,1588,,2013/10/14,to-read,to-read (#22),to-read,,,,0,,,0,,,,,
139119,Dark Night of the Soul: A Masterpiece in the Literature of Mysticism by St. John of the Cross,John of the Cross,"Cross, John of the",E. Allison Peers,"=""0385029306""","=""9780385029308""",0,4.15,Image,Paperback,222,1959,1584,,2013/10/14,to-read,to-read (#21),to-read,,,,0,,,0,,,,,
6829199,The Jesuit Guide to (Almost) Everything: A Spirituality for Real Life,James     Martin,"Martin, James",,"=""0061432687""","=""9780061432682""",5,4.18,HarperOne,Hardcover,420,2010,2010,,2013/10/14,,,read,,,,1,,,0,,,,,
754771,Story of a Soul: The Autobiography of St. Therese of Lisieux,Thérèse de Lisieux,"Lisieux, Thérèse de",John Clarke,"=""0935216588""","=""9780935216585""",4,4.35,ICS Publications,Paperback,306,1996,1898,,2013/10/02,,,read,,,,1,,,0,,,,,
1240353,Proslogion,Anselm of Canterbury,"Canterbury, Anselm of",Max J. Charlesworth,"=""0268016976""","=""9780268016975""",4,3.76,University of Notre Dame Press,Paperback,204,1992,1078,,2013/03/20,,,read,,,,1,,,0,,,,,
28862,The Prince,Niccolò Machiavelli,"Machiavelli, Niccolò","Rufus Goodwin, Benjamin Martinez","=""0937832383""","=""9780937832387""",3,3.82,Dante University of America Press,Paperback,140,2003,1532,,2013/03/20,,,read,,,,1,,,0,,,,,
16048279,Navigating the Interior Life: Spiritual Direction and the Journey to God,Daniel Burke,"Burke, Daniel",John Bartunek,"=""1937155862""","=""9781937155865""",5,4.32,Emmaus Road Publishing,Paperback,161,2012,2012,,2013/09/11,,,read,,,,1,,,0,,,,,
852007,Monologion and Proslogion with the Replies of Gaunilo and Anselm,Anselm of Canterbury,"Canterbury, Anselm of","Gaunilo, Thomas   Williams","=""0872202976""","=""9780872202979""",4,3.67,"Hackett Publishing Company, Inc.",Paperback,176,1996,1076,,2013/08/26,,,read,,,,1,,,0,,,,,
99690,No Man Is an Island,Thomas Merton,"Merton, Thomas",,"=""1590302532""","=""9781590302538""",5,4.09,Shambhala,Hardcover,272,2005,1955,,2013/08/24,,,read,,,,1,,,0,,,,,
7284642,Ender's Shadow: Command School ,Mike Carey,"Carey, Mike","Sebastian Fiumara, Giulia Brusco","=""0785135987""","=""9780785135982""",4,4.43,Marvel,Hardcover,128,2010,2010,,2013/08/17,,,read,,,,1,,,0,,,,,
659469,The Hobbit: Graphic Novel,Chuck Dixon,"Dixon, Chuck","J.R.R. Tolkien, David Wenzel, Sean Deming","=""0345368584""","=""9780345368584""",5,4.49,Ballantine Books,Paperback,133,1990,1989,,2013/08/17,,,read,,,,1,,,0,,,,,
324748,The Dip: A Little Book That Teaches You When to Quit (and When to Stick),Seth Godin,"Godin, Seth",,"=""1591841666""","=""9781591841661""",0,3.84,Portfolio,Hardcover,80,2007,2007,,2013/07/24,to-read,to-read (#19),to-read,,,,0,,,0,,,,,
261203,How to Use Your Eyes,James Elkins,"Elkins, James",,"=""0415922542""","=""9780415922548""",0,3.81,Routledge,Hardcover,272,2000,2000,,2013/07/24,to-read,to-read (#18),to-read,,,,0,,,0,,,,,
463650,Leonardo Da Vinci: A Life,Sherwin B. Nuland,"Nuland, Sherwin B.",,"=""014303510X""","=""9780143035107""",0,3.49,Penguin Books,Paperback,176,2005,2000,,2013/07/24,to-read,to-read (#17),to-read,,,,0,,,0,,,,,
4722934,The Life You Can Save: Acting Now to End World Poverty,Peter Singer,"Singer, Peter",,"=""1400067103""","=""9781400067107""",4,4.14,Random House (NY),Hardcover,206,2009,2009,,2013/06/17,,,read,,,,1,,,0,,,,,
16172024,The Case For Mars,Robert Zubrin,"Zubrin, Robert",,"=""1471109887""","=""9781471109881""",5,4.11,Simon & Schuster UK,ebook,418,2012,1996,,2013/03/20,,,read,,,,1,,,0,,,,,
180463,Leadership and Self-Deception: Getting Out of the Box,The Arbinger Institute,"Institute, The Arbinger",,"=""1576751740""","=""9781576751749""",4,4.14,Berrett-Koehler Publishers,Paperback,180,2002,2000,,2013/06/09,,,read,,,,1,,,0,,,,,
2491718,Seeking a Center: My Life as a Great Bookie,Otto Bird,"Bird, Otto",,"=""0898703700""","=""9780898703702""",4,4.09,Ignatius Press,Paperback,145,1992,1991,,2013/06/09,,,read,,,,1,,,0,,,,,
6732019,Rework,Jason Fried,"Fried, Jason",David Heinemeier Hansson,"=""0307463745""","=""9780307463746""",0,3.95,Crown Business,Hardcover,279,2010,2010,,2013/06/09,to-read,to-read (#16),to-read,,,,0,,,0,,,,,
5054736,"The Great Ideas: A Syntopicon of Great Books of the Western World, Volume I",Mortimer J. Adler,"Adler, Mortimer J.",William Gorman,"=""""","=""""",0,4.41,Encyclopædia Britannica Inc.,Hardcover,1082,1952,1952,,2013/06/09,to-read,to-read (#15),to-read,,,,0,,,0,,,,,
12077592,Making All Things New: An Invitation to the Spiritual Life,Henri J.M. Nouwen,"Nouwen, Henri J.M.",,"=""0061869791""","=""9780061869792""",3,4.27,HarperOne,ebook,96,2009,1981,,2013/03/20,,,read,,,,1,,,0,,,,,
11396865,Beowulf: The Oldest English Epic,Unknown,"Unknown, Unknown",Charles W. Kennedy,"=""0756989523""","=""9780756989521""",3,3.45,Perfection Learning,Hardcover,121,2010,900,,2013/03/20,,,read,,,,1,,,0,,,,,
40958,"The Art of Innovation: Lessons in Creativity from IDEO, America's Leading Design Firm",Tom Kelley,"Kelley, Tom","Jonathan Littman, Tom Peters","=""0385499841""","=""9780385499842""",3,3.98,Broadway Business,Hardcover,320,2001,2001,,2013/05/17,,,read,,,,1,,,0,,,,,
157993,The Little Prince,Antoine de Saint-Exupéry,"Saint-Exupéry, Antoine de","Richard Howard, Ivan Minatti, Nguyễn Thành Vũ","=""""","=""""",5,4.31,"Harcourt, Inc.",Paperback,93,2000,1943,,2013/05/17,,,read,,,,1,,,0,,,,,
5040579,"Why We Make Mistakes: How We Look Without Seeing, Forget Things in Seconds, and Are All Pretty Sure We Are Way Above Average",Joseph T. Hallinan,"Hallinan, Joseph T.",,"=""0767928059""","=""9780767928052""",2,3.91,Broadway,Hardcover,221,2009,2009,,2013/05/17,,,read,,,,1,,,0,,,,,
11138,Mere Christianity,C.S. Lewis,"Lewis, C.S.",,"=""0684823780""","=""9780684823782""",5,4.32,Touchstone Books,Paperback,191,1996,1952,,2013/03/20,,,read,,,,1,,,0,,,,,
4485966,Talent is Overrated: What Really Separates World-Class Performers from Everybody Else,Geoff Colvin,"Colvin, Geoff",,"=""1591842247""","=""9781591842248""",3,3.97,Portfolio,Hardcover,240,2008,2008,,2013/03/20,,,read,,,,1,,,0,,,,,
174879,On Becoming a Person: A Therapist's View of Psychotherapy,Carl R. Rogers,"Rogers, Carl R.",Peter D. Kramer,"=""039575531X""","=""9780395755310""",0,4.15,Mariner Books,Paperback,448,1995,1961,,2013/03/20,to-read,to-read (#14),to-read,,,,0,,,0,,,,,
193659,Lost Moon: The Perilous Voyage of Apollo 13,Jim Lovell,"Lovell, Jim","Jeffrey Kluger, Fred Sanders","=""0395670292""","=""9780395670293""",0,4.33,Houghton Mifflin,Hardcover,378,1994,1994,,2013/03/20,to-read,to-read (#13),to-read,,,,0,,,0,,,,,
7757591,Gilliver's Travels In Lilliput,Andre Van Gool,"Gool, Andre Van",,"=""0886659019""","=""9780886659011""",3,4.15,,,,,,,2013/03/20,,,read,,,,1,,,0,,,,,
2696,The Canterbury Tales,Geoffrey Chaucer,"Chaucer, Geoffrey",Nevill Coghill,"=""0140424385""","=""9780140424386""",4,3.50,Penguin Books/Penguin Classics,Paperback,521,2003,1400,,2013/03/20,,,read,,,,1,,,0,,,,,
7624,Lord of the Flies,William Golding,"Golding, William",,"=""0140283331""","=""9780140283334""",4,3.69,Penguin Books ,Paperback,182,1999,1954,,2013/03/20,,,read,,,,1,,,0,,,,,
8921,"The Hound of the Baskervilles (Sherlock Holmes, #5)",Arthur Conan Doyle,"Doyle, Arthur Conan",Anne Perry,"=""""","=""""",3,4.12,Signet,Mass Market Paperback,256,2001,1901,,2013/03/20,,,read,,,,1,,,0,,,,,
5297,The Picture of Dorian Gray,Oscar Wilde,"Wilde, Oscar",Jeffrey Eugenides,"=""""","=""""",3,4.08,Random House: Modern Library,Paperback,272,2004,1890,,2013/03/20,,,read,,,,1,,,0,,,,,
35092,It Doesn't Take a Hero: The Autobiography of General H. Norman Schwarzkopf,Norman Schwarzkopf,"Schwarzkopf, Norman",Peter Petre,"=""0553563386""","=""9780553563382""",4,4.05,Bantam,Paperback,640,1993,1992,,2013/03/20,,,read,,,,1,,,0,,,,,
13585161,"Air Power: Heroes and Heroism in American Flight Missions, 1916 to Today: Heroes In American Flight Missions, 1916 To Today",Bill Gilbert,"Gilbert, Bill",,"=""0806524804""","=""9780806524801""",3,2.75,Citadel,Paperback,268,2004,2003,,2013/03/20,,,read,,,,1,,,0,,,,,
500820,Medal of Honor: Profiles of America's Military Heroes from the Civil War to the Present,Allen Mikaelian,"Mikaelian, Allen",Mike Wallace,"=""0786885769""","=""9780786885763""",3,3.85,Hachette Books,Paperback,300,2003,2002,,2013/03/20,,,read,,,,1,,,0,,,,,
139253,The House on Mango Street,Sandra Cisneros,"Cisneros, Sandra",,"=""0679734775""","=""9780679734772""",3,3.66,Vintage,Paperback,110,2009,1984,,2013/03/20,,,read,,,,1,,,0,,,,,
38840,Boyd: The Fighter Pilot Who Changed the Art of War,Robert Coram,"Coram, Robert",,"=""0316796883""","=""9780316796880""",4,4.14,Back Bay Books,Paperback,504,2004,2002,,2013/03/20,,,read,,,,1,,,0,,,,,
85443,The Lords of Discipline,Pat Conroy,"Conroy, Pat",,"=""0553271369""","=""9780553271362""",3,4.31,Bantam,Paperback,512,1997,1980,,2013/03/20,,,read,,,,1,,,0,,,,,
12296,The Scarlet Letter,Nathaniel Hawthorne,"Hawthorne, Nathaniel","Thomas E. Connolly, Nina Baym","=""0142437263""","=""9780142437261""",3,3.41,Penguin Books,Paperback,279,2003,1850,,2013/03/20,,,read,,,,1,,,0,,,,,
148926,"Ronald Reagan: Fate, Freedom, and the Making of History",John Patrick Diggins,"Diggins, John Patrick",,"=""0393060225""","=""9780393060225""",4,3.50,W. W. Norton  Company,Hardcover,528,2007,2006,,2013/03/20,,,read,,,,1,,,0,,,,,
10210,Jane Eyre,Charlotte Brontë,"Brontë, Charlotte","Michael Mason, Barnett Freedman","=""0142437204""","=""9780142437209""",4,4.13,Penguin,Paperback,532,2003,1847,,2013/03/20,,,read,,,,1,,,0,,,,,
18414,Utopia,Thomas More,"More, Thomas",Paul Turner,"=""0140449108""","=""9780140449105""",3,3.54,Penguin Classics,Paperback,163,2003,1516,,2013/03/20,,,read,,,,1,,,0,,,,,
139221,Legacy of Honor: The Values and Influence of America's Eagle Scouts,Alvin Townley,"Townley, Alvin",,"=""0312366531""","=""9780312366537""",4,4.28,St. Martins Press-3PL,Hardcover,304,2006,2006,,2013/03/20,,,read,,,,1,,,0,,,,,
51539,Rachel and Her Children: Homeless Families in America,Jonathan Kozol,"Kozol, Jonathan",,"=""0307345890""","=""9780307345899""",3,4.21,Broadway Books,Paperback,303,2006,1987,,2013/03/20,,,read,,,,1,,,0,,,,,
41918,There are No Children Here: The Story of Two Boys Growing Up in the Other America,Alex Kotlowitz,"Kotlowitz, Alex",,"=""0385265565""","=""9780385265560""",3,4.28,Anchor Books,Paperback,323,1992,1991,,2013/03/20,,,read,,,,1,,,0,,,,,
4799,Cannery Row (Cannery Row #1),John Steinbeck,"Steinbeck, John",,"=""014200068X""","=""9780142000687""",4,4.04,Penguin Books,Paperback,181,2002,1945,,2013/03/20,,,read,,,,1,,,0,,,,,
684383,The Rhythm of Life: Living Every Day with Passion and Purpose,Matthew Kelly,"Kelly, Matthew",,"=""0743265254""","=""9780743265256""",3,4.24,Touchstone,Paperback,320,2005,1999,,2013/03/20,,,read,,,,1,,,0,,,,,
5129,Brave New World,Aldous Huxley,"Huxley, Aldous",,"=""0060929871""","=""9780060929879""",3,3.99,HarperPerennial / Perennial Classics,Paperback,288,1998,1932,,2013/03/20,,,read,,,,1,,,0,,,,,
539282,Fences (The Century Cycle #6),August Wilson,"Wilson, August",,"=""0452264014""","=""9780452264014""",2,3.89,Plume Books,Paperback,101,1986,1986,,2013/03/20,,,read,,,,1,,,0,,,,,
12996,Othello,William Shakespeare,"Shakespeare, William",,"=""0743477553""","=""9780743477550""",3,3.90,Simon  Schuster,Paperback,314,2004,1603,,2013/03/20,,,read,,,,1,,,0,,,,,
133518,The Things They Carried,Tim O'Brien,"O'Brien, Tim",,"=""0767902890""","=""9780767902892""",3,4.13,Broadway Books,Paperback,246,1998,1990,,2013/03/20,,,read,,,,1,,,0,,,,,
2318271,The Last Lecture,Randy Pausch,"Pausch, Randy",Jeffrey Zaslow,"=""1401323251""","=""9781401323257""",5,4.26,Hachette Books,Hardcover,206,2008,2008,,2013/03/20,,,read,,,,1,,,0,,,,,
96099,The Seven Levels of Intimacy: The Art of Loving and the Joy of Being Loved,Matthew Kelly,"Kelly, Matthew",,"=""0743265122""","=""9780743265126""",3,4.10,Touchstone,Paperback,288,2007,2009,,2013/03/20,,,read,,,,1,,,0,,,,,
4395,The Grapes of Wrath,John Steinbeck,"Steinbeck, John",,"=""""","=""""",4,3.97,Penguin Books,Paperback,455,2002,1939,,2013/03/20,,,read,,,,1,,,0,,,,,
96642,Rocket Boys (Coalwood #1),Homer Hickam,"Hickam, Homer",,"=""0385333218""","=""9780385333214""",5,4.16,Delta,Paperback,384,2000,1998,,2013/03/20,,,read,,,,1,,,0,,,,,
2657,To Kill a Mockingbird,Harper Lee,"Lee, Harper",حسین نعیمی,"=""""","=""""",4,4.28,Harper Perennial Modern Classics ,Paperback,324,2006,1960,,2013/03/20,,,read,,,,1,,,0,,,,,
838232,Domers: A Year at Notre Dame,Kevin Coyne,"Coyne, Kevin",,"=""0140178988""","=""9780140178982""",4,3.87,Penguin Books,Paperback,336,1996,1995,,2013/03/20,,,read,,,,1,,,0,,,,,
247095,Making the Most of College: Students Speak Their Minds,Richard J. Light,"Light, Richard J.",,"=""067401359X""","=""9780674013599""",3,3.44,Harvard University Press,Paperback,256,2004,2001,,2013/03/20,,,read,,,,1,,,0,,,,,
550099,"God, Country, Notre Dame: The Autobiography of Theodore M. Hesburgh",Theodore M. Hesburgh,"Hesburgh, Theodore M.",,"=""0268010382""","=""9780268010386""",5,4.39,University of Notre Dame Press,Hardcover,360,2000,1990,,2013/03/20,,,read,,,,1,,,0,,,,,
11125,Digital Fortress,Dan Brown,"Brown, Dan",,"=""""","=""""",3,3.66,Corgi books,Paperback,510,2004,1998,,2013/03/20,,,read,,,,1,,,0,,,,,
976,Deception Point,Dan Brown,"Brown, Dan",,"=""0671027387""","=""9780671027384""",3,3.72,Pocket Books,Mass Market Paperback,556,2002,2001,,2013/03/20,,,read,,,,1,,,0,,,,,
578587,"Angels and Demons (Robert Langdon, #1)",Dan Brown,"Brown, Dan",,"=""0552150738""","=""9780552150736""",3,3.90,Corgi Books,Mass Market Paperback,620,2001,2000,,2013/03/20,,,read,,,,1,,,0,,,,,
37415,Their Eyes Were Watching God,Zora Neale Hurston,"Hurston, Zora Neale",,"=""0061120065""","=""9780061120060""",3,3.94,Amistad,Paperback,219,2006,1937,,2013/03/20,,,read,,,,1,,,0,,,,,
586472,The Right Stuff,Tom Wolfe,"Wolfe, Tom",,"=""0553381350""","=""9780553381351""",4,4.23,Bantam,Paperback,352,2001,1979,,2013/03/20,,,read,,,,1,,,0,,,,,
6288,The Road,Cormac McCarthy,"McCarthy, Cormac",,"=""0307265439""","=""9780307265432""",4,3.97,Alfred A. Knopf,Hardcover,241,2006,2006,,2013/03/20,,,read,,,,1,,,0,,,,,
1911,The World Is Flat: A Brief History of the Twenty-first Century,Thomas L. Friedman,"Friedman, Thomas L.",,"=""0374292795""","=""9780374292799""",4,3.69,"Farrar, Straus and Giroux (NY)",Hardcover,593,2006,2005,,2013/03/20,,,read,,,,1,,,0,,,,,
1420,Hamlet,William Shakespeare,"Shakespeare, William","Harold Bloom, Rex Gibson","=""0521618746""","=""9780521618748""",5,4.02,Cambridge University Press,Paperback,289,2005,1603,,2013/03/20,,,read,,,,1,,,0,,,,,
259798,Stages of Faith: The Psychology of Human Development,James W. Fowler,"Fowler, James W.",,"=""0060628669""","=""9780060628666""",4,4.03,HarperOne,Paperback,352,1995,1981,,2013/03/20,,,read,,,,1,,,0,,,,,
43641,Water for Elephants,Sara Gruen,"Gruen, Sara",,"=""1565125606""","=""9781565125605""",4,4.09,Algonquin Books,Paperback,335,2007,2006,,2013/03/20,,,read,,,,1,,,0,,,,,
27037,Confessions,Augustine of Hippo,"Hippo, Augustine of","Henry Chadwick, Albert Cook Outler","=""0192833723""","=""9780192833723""",4,3.92,Oxford University Press,Paperback,341,1998,400,,2013/03/20,,,read,,,,1,,,0,,,,,
4381,Fahrenheit 451,Ray Bradbury,"Bradbury, Ray",Alfredo Crespo,"=""0307347974""","=""9780307347978""",3,3.99,DeBolsillo,Mass Market Paperback,175,2004,1953,,2013/03/20,,,read,,,,1,,,0,,,,,
236405,"Reasons to Believe: How to Understand, Explain, and Defend the Catholic Faith",Scott Hahn,"Hahn, Scott",,"=""0385509359""","=""9780385509350""",4,4.18,Image,Hardcover,227,2007,2007,,2013/03/20,,,read,,,,1,,,0,,,,,
2932540,United States Catholic Catechism for Adults,United States Conference of Catholic Bishops,"Bishops, United States Conference of Catholic",,"=""1574554506""","=""9781574554502""",4,4.33,USCCB Publishing,,664,2006,2006,,2013/03/20,,,read,,,,1,,,0,,,,,
28883,The Lamb's Supper: The Mass as Heaven on Earth,Scott Hahn,"Hahn, Scott",Benedict J. Groeschel,"=""0385496591""","=""9780385496599""",4,4.40,Image,Hardcover,192,1999,1999,,2013/03/20,,,read,,,,1,,,0,,,,,
49221,A Grief Observed,C.S. Lewis,"Lewis, C.S.",,"=""0060652381""","=""9780060652388""",3,4.19,HarperOne,Paperback,112,2015,1961,,2013/03/20,,,read,,,,1,,,0,,,,,
403098,A Man for All Seasons,Robert Bolt,"Bolt, Robert",,"=""0679728228""","=""9780679728221""",4,3.92,Vintage,Paperback,192,1990,1960,,2013/03/20,,,read,,,,1,,,0,,,,,
3869,A Brief History of Time,Stephen Hawking,"Hawking, Stephen",,"=""0553380168""","=""9780553380163""",4,4.18,Bantam Books,Paperback,212,1998,1988,,2013/03/20,,,read,,,,1,,,0,,,,,
24623,The Golden Sayings of Epictetus,Epictetus,"Epictetus, Epictetus",,"=""1426400659""","=""9781426400650""",4,3.96,BiblioLife,Paperback,96,2007,2004,,2013/03/20,,,read,,,,1,,,0,,,,,
34760,All I Really Need to Know I Learned in Kindergarten,Robert Fulghum,"Fulghum, Robert",,"=""034546639X""","=""9780345466396""",4,4.03,Ballantine Books,Paperback,240,2004,1988,,2013/03/20,,,read,,,,1,,,0,,,,,
4806,Longitude: The True Story of a Lone Genius Who Solved the Greatest Scientific Problem of His Time,Dava Sobel,"Sobel, Dava",Neil Armstrong,"=""0802714625""","=""9780802714626""",3,3.95,Walker Books,Hardcover,192,2005,1995,,2013/03/20,,,read,,,,1,,,0,,,,,
24,In a Sunburned Country,Bill Bryson,"Bryson, Bill",,"=""0767903862""","=""9780767903868""",4,4.07,Broadway Books,Paperback,335,2001,2000,,2013/03/20,,,read,,,,1,,,0,,,,,
9534,"Shadow of the Hegemon (The Shadow Series, #2)",Orson Scott Card,"Card, Orson Scott",,"=""0812565959""","=""9780812565959""",4,3.95,Tor Books,Mass Market Paperback,451,2001,2000,,2013/03/20,,,read,,,,1,,,0,,,,,
3400028,Evangelium Vitae: Valore E Inviolabilita Della Vita Umana: Lettera Enciclica,The Catholic Church,"Church, The Catholic",,"=""8838423652""","=""9788838423659""",3,3.78,Piemme,Hardcover,192,,,,2013/03/20,,,read,,,,1,,,0,,,,,
6061718,The Male Brain,Louann Brizendine,"Brizendine, Louann",,"=""0767927532""","=""9780767927536""",2,3.77,Harmony,Hardcover,271,2010,2009,,2013/03/20,,,read,,,,1,,,0,,,,,
23968,The Female Brain,Louann Brizendine,"Brizendine, Louann",,"=""0767920090""","=""9780767920094""",2,3.83,Morgan Road Books,Hardcover,304,2006,2006,,2013/03/20,,,read,,,,1,,,0,,,,,
549747,"If You Really Loved Me: 101 Questions on Dating, Relationships, and Sexual Purity",Jason Evert,"Evert, Jason",,"=""1569553696""","=""9781569553695""",3,4.25,Charis Books,Paperback,231,2003,2003,,2013/03/20,,,read,,,,1,,,0,,,,,
9643389,Why Choose the Liberal Arts?,Mark William Roche,"Roche, Mark William",,"=""026804032X""","=""9780268040321""",5,3.82,University of Notre Dame Press,Paperback,184,2010,2010,,2013/03/20,,,read,,,,1,,,0,,,,,
1820539,"Turning Point: The Inside Story Of The Papal Birth Control Commission, And How Humanae Vitae Changed The Life Of Patty Crowley And The Future Of The Church",Robert McClory,"McClory, Robert",,"=""0824514580""","=""9780824514587""",4,4.06,,,,,1997,,2013/03/20,,,read,,,,1,,,0,,,,,
162816,What the CEO Wants You to Know: Using Business Acumen to Understand How Your Company Really Works,Ram Charan,"Charan, Ram",,"=""0609608398""","=""9780609608395""",3,3.90,Crown Business,Hardcover,144,2001,2001,,2013/03/20,,,read,,,,1,,,0,,,,,
4628580,The Elements of Aircraft Preliminary Design,Roger D. Schaufele,"Schaufele, Roger D.",,"=""0970198604""","=""9780970198600""",4,3.33,Aries,Unknown Binding,356,2003,2000,,2013/03/20,,,read,,,,1,,,0,,,,,
6365692,Design of Aircraft,Thomas C. Corke,"Corke, Thomas C.",,"=""0130892343""","=""9780130892348""",3,4.28,Pearson,Paperback,391,2002,2002,,2013/03/20,,,read,,,,1,,,0,,,,,
1591969,East To The Dawn: The Life Of Amelia Earhart,Susan Butler,"Butler, Susan",,"=""0201311445""","=""9780201311440""",3,3.89,Da Capo Press,Hardcover,512,1997,1997,,2013/03/20,,,read,,,,1,,,0,,,,,
4667024,The Help,Kathryn Stockett,"Stockett, Kathryn",,"=""""","=""""",4,4.46,Amy Einhorn Books/G.P. Putnam's Sons,Hardcover,451,2009,2009,,2013/03/20,,,read,,,,1,,,0,,,,,
1852,The Call of the Wild,Jack London,"London, Jack",Avi,"=""0439227143""","=""9780439227148""",3,3.87,Scholastic,Mass Market Paperback,172,2001,1903,,2013/03/20,,,read,,,,1,,,0,,,,,
747746,The Curious Case of Benjamin Button,F. Scott Fitzgerald,"Fitzgerald, F. Scott",,"=""1416556052""","=""9781416556053""",3,3.55,Scribner,Paperback,64,2007,1922,,2013/03/20,,,read,,,,1,,,0,,,,,
16690,The Moon Is a Harsh Mistress,Robert A. Heinlein,"Heinlein, Robert A.",,"=""0340837942""","=""9780340837948""",4,4.15,Hodder & Stoughton,Paperback,288,2005,1966,,2013/03/20,,,read,,,,1,,,0,,,,,
5168,Where the Heart Is,Billie Letts,"Letts, Billie",,"=""0446672211""","=""9780446672214""",4,4.02,Grand Central Publishing,Paperback,376,1998,1995,,2013/03/20,,,read,,,,1,,,0,,,,,
273685,The Short Happy Life of Francis Macomber and Other Stories,Ernest Hemingway,"Hemingway, Ernest",,"=""3125773806""","=""9783125773806""",3,4.05,Klett,Paperback,72,1999,1936,,2013/03/20,,,read,,,,1,,,0,,,,,
4645,The Snows of Kilimanjaro and Other Stories,Ernest Hemingway,"Hemingway, Ernest",,"=""0684862212""","=""9780684862217""",3,3.87,Scribner,Hardcover,144,1999,1961,,2013/03/20,,,read,,,,1,,,0,,,,,
81959,As a Man Thinketh,James Allen,"Allen, James",,"=""1585425648""","=""9781585425648""",3,4.28,TarcherPerigee,Hardcover,80,2006,1902,,2013/03/20,,,read,,,,1,,,0,,,,,
2052922,Handbook of Model Rocketry,G. Harry Stine,"Stine, G. Harry",,"=""0471593613""","=""9780471593614""",3,4.25,Wiley,Paperback,368,1994,1970,,2013/03/20,,,read,,,,1,,,0,,,,,
736376,Breakfast with Buddha,Roland Merullo,"Merullo, Roland",,"=""1565125525""","=""9781565125520""",5,3.82,Algonquin Books,Hardcover,323,2007,2007,,2013/03/20,,,read,,,,1,,,0,,,,,
407417,"Doing the Truth in Love: Conversations about God, Relationships and Service",Michael J. Himes,"Himes, Michael J.","Jan Pilarski, Don McNeill","=""0809135841""","=""9780809135844""",4,4.47,Paulist Press,Paperback,160,1995,1995,,2013/03/20,,,read,,,,1,,,0,,,,,
8701960,"The Information: A History, a Theory, a Flood",James Gleick,"Gleick, James",,"=""0375423729""","=""9780375423727""",4,4.01,Knopf Doubleday Publishing Group,Hardcover,527,2011,2011,,2013/03/20,,,read,,,,1,,,0,,,,,
999644,Life's Greatest Lessons: 20 Things That Matter,Hal Urban,"Urban, Hal",,"=""074323782X""","=""9780743237826""",4,4.20,Fireside,Paperback,167,2003,1992,,2013/03/20,,,read,,,,1,,,0,,,,,
37435,The Secret Life of Bees,Sue Monk Kidd,"Kidd, Sue Monk",,"=""0142001740""","=""9780142001745""",4,4.06,Penguin Books,Paperback,302,2003,2001,,2013/03/20,,,read,,,,1,,,0,,,,,
9484114,The Happiness Advantage: The Seven Principles of Positive Psychology That Fuel Success and Performance at Work,Shawn Achor,"Achor, Shawn",,"=""0307591565""","=""9780307591562""",3,4.18,Crown Business,ebook,272,2010,2010,,2013/03/20,,,read,,,,1,,,0,,,,,
3032499,The Truth about Confident Presenting,James O'Rourke,"O'Rourke, James",,"=""0132354969""","=""9780132354967""",3,3.05,FT Press,Paperback,209,2008,2008,,2013/03/20,,,read,,,,1,,,0,,,,,
583766,An Introduction to General Systems Thinking,Gerald M. Weinberg,"Weinberg, Gerald M.",,"=""0932633498""","=""9780932633491""",4,3.98,"Dorset House Publishing Co Inc.,U.S.",Paperback,279,2001,1975,,2013/03/20,,,read,,,,1,,,0,,,,,
7875674,Frugal Cool: How to Get Rich--Without Making Very Much Money,John F. Gaski,"Gaski, John F.",,"=""""","=""""",3,4.00,Corby Books,,203,2009,2009,,2013/03/20,,,read,,,,1,,,0,,,,,
1203186,The Existential Pleasures of Engineering,Samuel C. Florman,"Florman, Samuel C.",,"=""0312141041""","=""9780312141042""",3,3.54,St. Martin's Griffin,Paperback,224,1996,1976,,2013/03/20,,,read,,,,1,,,0,,,,,
37860,The Ethics of Authenticity,Charles Taylor,"Taylor, Charles",,"=""0674268636""","=""9780674268630""",3,3.89,Harvard University Press,Hardcover,152,1992,1991,,2013/03/20,,,read,,,,1,,,0,,,,,
6148028,"Catching Fire (The Hunger Games, #2)",Suzanne Collins,"Collins, Suzanne",,"=""0439023491""","=""9780439023498""",3,4.29,Scholastic Press,Hardcover,391,2009,2009,,2013/03/20,,,read,,,,1,,,0,,,,,
2767052,"The Hunger Games (The Hunger Games, #1)",Suzanne Collins,"Collins, Suzanne",,"=""0439023483""","=""9780439023481""",3,4.33,Scholastic Press,Hardcover,374,2008,2008,,2013/03/20,,,read,,,,1,,,0,,,,,
7260188,"Mockingjay (The Hunger Games, #3)",Suzanne Collins,"Collins, Suzanne","Elizabeth B. Parisi, Tim O'Brien","=""0439023513""","=""9780439023511""",3,4.04,Scholastic Press,Hardcover,390,2010,2010,,2013/03/20,,,read,,,,1,,,0,,,,,
536151,Flying to the Moon: An Astronaut's Story,Michael  Collins,"Collins, Michael",,"=""0374423563""","=""9780374423568""",3,4.08,"Farrar, Straus and Giroux (BYR)",Paperback,192,1994,1976,,2013/03/20,,,read,,,,1,,,0,,,,,
271494,Remaking the World: Adventures in Engineering,Henry Petroski,"Petroski, Henry",,"=""0375700242""","=""9780375700248""",3,3.67,Vintage,Paperback,256,1998,1997,,2013/03/20,,,read,,,,1,,,0,,,,,
614296,Warmth Disperses and Time Passes: The History of Heat,Hans Christian Von Baeyer,"Baeyer, Hans Christian Von",,"=""0375753729""","=""9780375753725""",3,3.83,Modern Library,Paperback,240,1999,1998,,2013/03/20,,,read,,,,1,,,0,,,,,
332138,After Virtue: A Study in Moral Theory,Alasdair MacIntyre,"MacIntyre, Alasdair",,"=""0268006113""","=""9780268006112""",4,4.17,University of Notre Dame Press,Paperback,304,1984,1982,,2013/03/20,,,read,,,,1,,,0,,,,,
164154,"A Canticle for Leibowitz (St. Leibowitz, #1)",Walter M. Miller Jr.,"Jr., Walter M. Miller",Mary Doria Russell,"=""0060892994""","=""9780060892999""",5,3.97,HarperCollins EOS,Paperback,334,2006,1959,,2013/03/20,,,read,,,,1,,,0,,,,,
218247,The Secret of Apollo: Systems Management in American and European Space Programs,Stephen B. Johnson,"Johnson, Stephen B.",,"=""0801885426""","=""9780801885426""",3,3.55,Johns Hopkins University Press,Paperback,312,2006,2002,,2013/03/20,,,read,,,,1,,,0,,,,,
6900,Tuesdays with Morrie,Mitch Albom,"Albom, Mitch",,"=""0751529818""","=""9780751529814""",5,4.11,Warner,Paperback,210,2000,1997,,2013/03/20,,,read,,,,1,,,0,,,,,
2,"Harry Potter and the Order of the Phoenix (Harry Potter, #5)",J.K. Rowling,"Rowling, J.K.",Mary GrandPré,"=""0439358078""","=""9780439358071""",4,4.50,Scholastic Inc.,Paperback,870,2004,2003,,2013/03/20,,,read,,,,1,,,0,,,,,
15881,"Harry Potter and the Chamber of Secrets (Harry Potter, #2)",J.K. Rowling,"Rowling, J.K.",Mary GrandPré,"=""0439064864""","=""9780439064866""",3,4.43,Arthur A. Levine Books / Scholastic Inc.,Hardcover,341,1999,1998,,2013/03/20,,,read,,,,1,,,0,,,,,
6,"Harry Potter and the Goblet of Fire (Harry Potter, #4)",J.K. Rowling,"Rowling, J.K.",Mary GrandPré,"=""""","=""""",5,4.56,Scholastic,Paperback,734,2002,2000,,2013/03/20,,,read,,,,1,,,0,,,,,
136251,"Harry Potter and the Deathly Hallows (Harry Potter, #7)",J.K. Rowling,"Rowling, J.K.",,"=""0545010225""","=""9780545010221""",5,4.62,Arthur A. Levine Books / Scholastic Inc.,Hardcover,759,2007,2007,,2013/03/20,,,read,,,,1,,,0,,,,,
3,"Harry Potter and the Sorcerer's Stone (Harry Potter, #1)",J.K. Rowling,"Rowling, J.K.",Mary GrandPré,"=""""","=""""",5,4.47,Scholastic Inc,Hardcover,309,2003,1997,,2013/03/20,,,read,,,,1,,,0,,,,,
5,"Harry Potter and the Prisoner of Azkaban (Harry Potter, #3)",J.K. Rowling,"Rowling, J.K.",Mary GrandPré,"=""043965548X""","=""9780439655484""",5,4.57,Scholastic Inc.,Mass Market Paperback,435,2004,1999,,2013/03/20,,,read,,,,1,,,0,,,,,
1381,The Odyssey,Homer,"Homer, Homer","Robert Fagles, Bernard Knox","=""0143039954""","=""9780143039952""",4,3.77,Penguin Classics ,Paperback,541,2006,-700,,2013/03/20,,,read,,,,1,,,0,,,,,
2165,The Old Man and the Sea,Ernest Hemingway,"Hemingway, Ernest",,"=""0684830493""","=""9780684830490""",3,3.78,Scribner,Hardcover,96,1996,1952,,2013/03/20,,,read,,,,1,,,0,,,,,
16304,"Murder on the Orient Express (Hercule Poirot, #10)",Agatha Christie,"Christie, Agatha",,"=""0425200450""","=""9780425200452""",3,4.17,Berkley,Paperback,322,2004,1934,,2013/03/20,,,read,,,,1,,,0,,,,,
3636,"The Giver (The Giver, #1)",Lois Lowry,"Lowry, Lois",,"=""0385732554""","=""9780385732550""",3,4.13,Ember,Paperback,208,2006,1993,,2013/03/20,,,read,,,,1,,,0,,,,,
9532,"Ender's Shadow (The Shadow Series, #1)",Orson Scott Card,"Card, Orson Scott",,"=""0765342405""","=""9780765342409""",4,4.30,Starscape,Paperback,469,2002,1999,,2013/03/20,,,read,,,,1,,,0,,,,,
6393082,"Ender's Game, Volume 1: Battle School (Ender's Saga)",Christopher Yost,"Yost, Christopher","Orson Scott Card, Pasqual Ferry, Frank D'Armata","=""0785135804""","=""9780785135807""",0,4.40,Marvel,Hardcover,128,2009,2009,,2013/03/20,to-read,to-read (#12),to-read,,,,0,,,0,,,,,
7025086,"Ender's Game, Volume 2: Command School",Christopher Yost,"Yost, Christopher","Pasqual Ferry, Orson Scott Card","=""0785135820""","=""9780785135821""",0,4.60,Marvel,Hardcover,128,2010,2010,,2013/03/20,to-read,to-read (#11),to-read,,,,0,,,0,,,,,
375802,"Ender's Game (Ender's Saga, #1)",Orson Scott Card,"Card, Orson Scott","Stefan Rudnicki, Harlan Ellison","=""0812550706""","=""9780812550702""",5,4.30,Macmillan Audio,Audiobook,324,2004,1985,,2013/03/20,,,read,,,,1,,,0,,,,,
47281,Number the Stars,Lois Lowry,"Lowry, Lois",,"=""0440227534""","=""9780440227533""",3,4.15,Laurel Leaf,Mass Market Paperback,137,1998,1989,,2013/03/20,,,read,,,,1,,,0,,,,,
6314075,Dambusters Raid: The Most Audacious Bombing Raid of the Second World War,John Sweetman,"Sweetman, John",,"=""0304351733""","=""9780304351732""",3,3.88,Cassell,Paperback,314,2005,1982,,2013/03/20,,,read,,,,1,,,0,,,,,
4414692,The Small Back Room,Nigel Balchin,"Balchin, Nigel",,"=""0304356948""","=""9780304356942""",3,3.81,Cassell,Paperback,192,2001,1943,,2013/03/20,,,read,,,,1,,,0,,,,,
594391,Goshawk Squadron,Derek Robinson,"Robinson, Derek",,"=""1845291727""","=""9781845291723""",3,4.10,Robinson Publishing,Paperback,240,2005,1971,,2013/03/20,,,read,,,,1,,,0,,,,,
233818,Island of the Blue Dolphins,Scott O'Dell,"O'Dell, Scott",,"=""0440439884""","=""9780440439882""",3,3.84,Yearling Books,Paperback,184,1971,1960,,2013/03/20,,,read,,,,1,,,0,,,,,
10365,Where the Red Fern Grows,Wilson Rawls,"Rawls, Wilson",,"=""0375806814""","=""9780375806810""",4,4.08,Yearling,Mass Market Paperback,272,2000,1961,,2013/03/20,,,read,,,,1,,,0,,,,,
2932,Robinson Crusoe (Robinson Crusoe #1),Daniel Defoe,"Defoe, Daniel",Virginia Woolf,"=""""","=""""",3,3.68,Modern Library,Paperback,320,2001,1719,,2013/03/20,,,read,,,,1,,,0,,,,,
2956,The Adventures of Huckleberry Finn,Mark Twain,"Twain, Mark","Guy Cardwell, John Seelye, Walter Trier","=""0142437174""","=""9780142437179""",4,3.82,Penguin Classics,Paperback,327,2002,1884,,2013/03/20,,,read,,,,1,,,0,,,,,
8732,The Red Pony,John Steinbeck,"Steinbeck, John",,"=""""","=""9780141962825""",3,3.45,Puffin,Paperback,95,2011,1937,,2013/03/20,,,read,,,,1,,,0,,,,,
5308,The Pearl,John Steinbeck,"Steinbeck, John",,"=""0142000698""","=""9780142000694""",4,3.48,Penguin Books,Paperback,96,2002,1947,,2013/03/20,,,read,,,,1,,,0,,,,,
890,Of Mice and Men,John Steinbeck,"Steinbeck, John",,"=""0142000671""","=""9780142000670""",4,3.88,Penguin Books,Paperback,103,2002,1937,,2013/03/20,,,read,,,,1,,,0,,,,,
207153,"Shiloh (Shiloh, #1)",Phyllis Reynolds Naylor,"Naylor, Phyllis Reynolds",,"=""0689862229""","=""9780689862229""",4,3.94,Aladdin Paperbacks,Paperback,145,2003,1991,,2013/03/20,,,read,,,,1,,,0,,,,,
2701652,Voyager,Jeana Yeager,"Yeager, Jeana","Phil Patton, Dick Rutan","=""0394552660""","=""9780394552668""",3,3.94,Knopf,Hardcover,337,1987,1987,,2013/03/20,,,read,,,,1,,,0,,,,,
38709,"Holes (Holes, #1)",Louis Sachar,"Sachar, Louis",김영선,"=""0439244196""","=""9780439244190""",4,3.97,Scholastic,Paperback,233,2000,1998,,2013/03/20,,,read,,,,1,,,0,,,,,
50,"Hatchet (Brian's Saga, #1)",Gary Paulsen,"Paulsen, Gary",,"=""0689840926""","=""9780689840920""",4,3.73,Atheneum Books for Young Readers: Richard Jackson Books,Hardcover,208,2000,1987,,2013/03/20,,,read,,,,1,,,0,,,,,
968,"The Da Vinci Code (Robert Langdon, #2)",Dan Brown,"Brown, Dan",,"=""""","=""""",0,3.86,Anchor,Paperback,489,2006,2003,,2013/03/20,to-read,to-read (#9),to-read,,,,0,,,0,,,,,
19543,Where the Wild Things Are,Maurice Sendak,"Sendak, Maurice",,"=""0099408392""","=""9780099408390""",4,4.22,Red Fox,Paperback,37,2000,1963,,2013/03/20,,,read,,,,1,,,0,,,,,
2520,In the Name of Jesus: Reflections on Christian Leadership,Henri J.M. Nouwen,"Nouwen, Henri J.M.",,"=""0824512596""","=""9780824512590""",3,4.27,Crossroad,Paperback,120,1992,1989,,2013/03/20,,,read,,,,1,,,0,,,,,
464415,A Concise Guide to Macroeconomics,David A. Moss,"Moss, David A.",,"=""1422101797""","=""9781422101797""",3,4.02,Harvard Business Review Press,Hardcover,208,2007,2007,,2013/03/20,,,read,,,,1,,,0,,,,,
1094500,In the School of the Holy Spirit,Jacques Philippe,"Philippe, Jacques",Helena Scott,"=""1594170533""","=""9781594170539""",4,4.63,Scepter Publishers,Paperback,144,2007,1995,,2013/03/20,,,read,,,,1,,,0,,,,,
82405,Jesus of Nazareth: From the Baptism in the Jordan to the Transfiguration,Benedict XVI,"XVI, Benedict",Adrian J.  Walker,"=""0385523416""","=""9780385523417""",0,4.39,Image,Hardcover,400,2007,2007,,2013/03/20,to-read,to-read (#8),to-read,,,,0,,,0,,,,,
173384,Thoughts in Solitude,Thomas Merton,"Merton, Thomas",,"=""0374513252""","=""9780374513252""",5,3.95,"Farrar, Straus and Giroux",Paperback,144,1999,1956,,2013/03/20,,,read,,,,1,,,0,,,,,
3836,Don Quixote,Miguel de Cervantes Saavedra,"Saavedra, Miguel de Cervantes","John Rutherford, Roberto González Echevarría","=""0142437239""","=""9780142437230""",0,3.88,Penguin Books,Paperback,1023,2003,1605,,2013/03/20,to-read,to-read (#7),to-read,,,,0,,,0,,,,,
163362,My Life with the Saints,James     Martin,"Martin, James",,"=""0829420010""","=""9780829420012""",5,4.17,Loyola Press,Hardcover,432,2006,2006,,2013/03/20,,,read,,,,1,,,0,,,,,
10235,"Mountains Beyond Mountains: The Quest of Dr. Paul Farmer, a Man Who Would Cure the World",Tracy Kidder,"Kidder, Tracy",,"=""0812973011""","=""9780812973013""",5,4.19,Random House Trade,Paperback,333,2004,2003,,2013/03/20,,,read,,,,1,,,0,,,,,
11149378,The Education of Millionaires: It's Not What You Think and It's Not Too Late,Michael Ellsberg,"Ellsberg, Michael",,"=""1591844207""","=""9781591844204""",4,4.00,Portfolio,Hardcover,258,2011,2011,,2013/03/20,,,read,,,,1,,,0,,,,,
1842,"Guns, Germs, and Steel: The Fates of Human Societies",Jared Diamond,"Diamond, Jared",,"=""0739467352""","=""9780739467350""",4,4.03,W.W. Norton & Company,Paperback,425,2005,1997,,2013/03/20,,,read,,,,1,,,0,,,,,
10887,Kissinger,Walter Isaacson,"Isaacson, Walter",,"=""0743286979""","=""9780743286978""",0,3.95,Simon  Schuster,Paperback,896,2005,1992,,2013/03/20,to-read,to-read (#5),to-read,,,,0,,,0,,,,,
3431,The Five People You Meet in Heaven,Mitch Albom,"Albom, Mitch",,"=""1401308589""","=""9781401308582""",5,3.94,Hyperion,Paperback,196,2003,2003,,2013/03/20,,,read,,,,1,,,0,,,,,
11149,The Screwtape Letters,C.S. Lewis,"Lewis, C.S.",,"=""0060652896""","=""9780060652890""",4,4.22,HarperCollins,Hardcover,224,2001,1942,,2013/03/20,,,read,,,,1,,,0,,,,,
865,The Alchemist,Paulo Coelho,"Coelho, Paulo",Alan R. Clarke,"=""0061122416""","=""9780061122415""",5,3.88,HarperCollins,Paperback,197,1993,1988,,2013/03/20,,,read,,,,1,,,0,,,,,
100915,"The Lion, the Witch and the Wardrobe (Chronicles of Narnia, #1)",C.S. Lewis,"Lewis, C.S.",,"=""""","=""""",0,4.22,HarperCollins Publishers,Paperback,206,2005,1950,,2013/03/20,to-read,to-read (#4),to-read,,,,0,,,0,,,,,
347852,"The Road Less Traveled: A New Psychology of Love, Traditional Values and Spiritual Growth",M. Scott Peck,"Peck, M. Scott",,"=""0671250671""","=""9780671250676""",3,4.06,Simon & Schuster,Paperback,320,1978,1978,,2013/03/20,,,read,,,,1,,,0,,,,,
4214,Life of Pi,Yann Martel,"Martel, Yann",,"=""0770430074""","=""9780770430078""",4,3.91,Seal Books,Paperback,460,2006,2001,,2013/03/20,,,read,,,,1,,,0,,,,,
1274,"Men Are from Mars, Women Are from Venus",John Gray,"Gray, John",,"=""0060574216""","=""9780060574215""",3,3.56,Harper Paperbacks,Paperback,368,2012,1992,,2013/03/20,,,read,,,,1,,,0,,,,,
4069,Man's Search for Meaning,Viktor E. Frankl,"Frankl, Viktor E.","Harold S. Kushner, William J. Winslade, Isle Lasch","=""080701429X""","=""9780807014295""",5,4.36,Beacon Press,Paperback,165,2006,1946,,2013/03/20,,,read,,,,1,,,0,,,,,
662,Atlas Shrugged,Ayn Rand,"Rand, Ayn",Leonard Peikoff,"=""0452011876""","=""9780452011878""",0,3.69,Plume,Paperback,1168,1999,1957,,2013/03/20,to-read,to-read (#3),to-read,,,,0,,,0,,,,,
2122,The Fountainhead,Ayn Rand,"Rand, Ayn",Leonard Peikoff,"=""0451191153""","=""9780451191151""",5,3.87,Signet Book,Mass Market Paperback,704,1996,1943,,2013/03/20,,,read,,,,1,,,0,,,,,
8852,Macbeth,William Shakespeare,"Shakespeare, William",,"=""0743477103""","=""9780743477109""",4,3.90,Simon  Schuster,Paperback,249,2013,1606,,2013/03/20,,,read,,,,1,,,0,,,,,
24280,Les Misérables,Victor Hugo,"Hugo, Victor","Lee Fahnestock, Norman MacAfee","=""""","=""""",0,4.18,Signet Classics,Mass Market Paperback,1463,1987,1862,,2013/03/20,to-read,to-read (#2),to-read,,,,0,,,0,,,,,
5907,"The Hobbit, or There and Back Again",J.R.R. Tolkien,"Tolkien, J.R.R.",,"=""0618260307""","=""9780618260300""",5,4.27,Houghton Mifflin,Paperback,366,2002,1937,,2013/03/20,,,read,,,,1,,,0,,,,,
5941055,The Curious Case of Benjamin Button and Six Other Stories,F. Scott Fitzgerald,"Fitzgerald, F. Scott",,"=""0141190191""","=""9780141190198""",0,3.69,Penguin Books Ltd,Paperback,202,2008,1921,,2013/03/20,to-read,to-read (#1),to-read,,,,0,,,0,,,,,
7613,Animal Farm,George Orwell,"Orwell, George","Boris Grabnar, Celâl Üster, Peter Škerl","=""0452284244""","=""9780452284241""",4,3.95,NAL,Paperback,122,2003,1945,,2013/03/20,,,read,,,,1,,,0,,,,,
5470,1984,George Orwell,"Orwell, George","Erich Fromm, Regina Silveira, Marcelo Pen, Golo Mann, Irving Howe, Raymond Williams, Thomas Pynchon, Homi K. Bhabha, Martha C. Nussbaum, Bernard Crick, George Packer","=""""","=""""",4,4.19,New American Library,Mass Market Paperback,328,1950,1949,,2013/03/20,,,read,,,,1,,,0,,,,,
1934,Little Women,Louisa May Alcott,"Alcott, Louisa May",,"=""0451529308""","=""9780451529305""",4,4.09,Signet Classics,Paperback,449,2004,1868,,2013/03/20,,,read,,,,1,,,0,,,,,
18386,The Death of Ivan Ilych,Leo Tolstoy,"Tolstoy, Leo","Aylmer Maude, Mehmet Özgül","=""1600964338""","=""9781600964336""",4,4.08,Waking Lion Press,Paperback,86,2006,1886,,2013/03/20,,,read,,,,1,,,0,,,,,
4981,Slaughterhouse-Five,Kurt Vonnegut Jr.,"Jr., Kurt Vonnegut",,"=""0385333846""","=""9780385333849""",4,4.08,Dial Press,Paperback,275,1999,1969,,2013/03/20,,,read,,,,1,,,0,,,,,
168668,"Catch-22 (Catch-22, #1)",Joseph Heller,"Heller, Joseph",,"=""0684833395""","=""9780684833392""",3,3.98,Simon & Schuster ,Paperback,453,2004,1961,,2013/03/20,,,read,,,,1,,,0,,,,,
5107,The Catcher in the Rye,J.D. Salinger,"Salinger, J.D.",,"=""0316769177""","=""9780316769174""",4,3.81,Back Bay Books,Paperback,277,2001,1951,,2013/03/20,,,read,,,,1,,,0,,,,,
11084145,Steve Jobs,Walter Isaacson,"Isaacson, Walter",,"=""1451648537""","=""9781451648539""",5,4.14,Simon & Schuster,Hardcover,627,2011,2011,,2013/03/20,,,read,,,,1,,,0,,,,,
4865,How to Win Friends and Influence People,Dale Carnegie,"Carnegie, Dale",,"=""""","=""""",4,4.20,Gallery Books,Paperback,288,1998,1936,,2013/03/20,,,read,,,,1,,,0,,,,,
40102,Blink: The Power of Thinking Without Thinking,Malcolm Gladwell,"Gladwell, Malcolm",,"=""0316010669""","=""9780316010665""",4,3.94,Back Bay Books,Paperback,296,2007,2005,,2013/03/20,,,read,,,,1,,,0,,,,,
4671,The Great Gatsby,F. Scott Fitzgerald,"Fitzgerald, F. Scott",Francis Scott Fitzgerald,"=""""","=""""",3,3.92,Scribner,Paperback,200,2004,1925,,2013/03/20,,,read,,,,1,,,0,,,,,
3228917,Outliers: The Story of Success,Malcolm Gladwell,"Gladwell, Malcolm",,"=""0316017922""","=""9780316017923""",5,4.16,"Little, Brown and Company",Hardcover,309,2008,2008,,2013/03/20,,,read,,,,1,,,0,,,,,
2612,The Tipping Point: How Little Things Can Make a Big Difference,Malcolm Gladwell,"Gladwell, Malcolm",,"=""0316346624""","=""9780316346627""",4,3.97,Back Bay Books,Paperback,301,2002,2000,,2013/03/20,,,read,,,,1,,,0,,,,,
36072,The 7 Habits of Highly Effective People: Powerful Lessons in Personal Change,Stephen R. Covey,"Covey, Stephen R.",Jim Collins,"=""0743269519""","=""9780743269513""",4,4.12,Free Press,Paperback,372,2004,1989,,2013/03/20,,,read,,,,1,,,0,,,,,
113934,The Goal: A Process of Ongoing Improvement,Eliyahu M. Goldratt,"Goldratt, Eliyahu M.",Jeff Cox,"=""0884271781""","=""9780884271789""",4,4.05,North River Press,Paperback,384,2004,1984,,2013/03/20,,,read,,,,1,,,0,,,,,
7933292,Heaven is for Real: A Little Boy's Astounding Story of His Trip to Heaven and Back,Todd Burpo,"Burpo, Todd",Lynn Vincent,"=""0849946158""","=""9780849946158""",5,4.01,Thomas Nelson,Paperback,162,2010,2010,,2013/03/20,,,read,,,,1,,,0,,,,,
128029,A Thousand Splendid Suns,Khaled Hosseini,"Hosseini, Khaled",,"=""1594489505""","=""9781594489501""",4,4.38,Riverhead Books,Hardcover,372,2007,2007,,2013/03/20,,,read,,,,1,,,0,,,,,
77203,The Kite Runner,Khaled Hosseini,"Hosseini, Khaled",Berliani M. Nugrahani,"=""""","=""""",5,4.30,Riverhead Books,Paperback,371,2004,2003,,2013/03/20,,,read,,,,1,,,0,,,,,
7493,Founding Brothers: The Revolutionary Generation,Joseph J. Ellis,"Ellis, Joseph J.",,"=""0375705244""","=""9780375705243""",3,3.93,Vintage Books,Paperback,288,2002,2000,,2013/03/20,,,read,,,,1,,,0,,,,,
2767,A People's History of the United States,Howard Zinn,"Zinn, Howard",,"=""0060838655""","=""9780060838652""",2,4.07,Harper Perennial,Paperback,729,2005,1980,,2013/03/20,,,read,,,,1,,,0,,,,,
13588394,The Signal and the Noise: Why So Many Predictions Fail—But Some Don't,Nate Silver,"Silver, Nate",,"=""159420411X""","=""9781594204111""",5,3.98,Penguin,Hardcover,534,2012,2012,,2013/03/20,,,read,,,,1,,,0,,,,,
15893686,The Complete Thinker: The Marvelous Mind of G.K. Chesterton,Dale Ahlquist,"Ahlquist, Dale",,"=""1586176757""","=""9781586176754""",4,4.36,Ignatius Press,Paperback,255,2012,2012,,2013/03/20,,,read,,,,1,,,0,,,,,
9328314,On China,Henry Kissinger,"Kissinger, Henry",,"=""1594202710""","=""9781594202711""",4,4.15,"Penguin Press HC, The",Hardcover,608,2011,2011,,2013/03/20,,,read,,,,1,,,0,,,,,
52309,The Autobiography of Benjamin Franklin,Benjamin Franklin,"Franklin, Benjamin",Lewis Gaston Leary,"=""0743255062""","=""9780743255066""",4,3.84,Touchstone,Paperback,143,2004,1791,,2013/03/20,,,read,,,,1,,,0,,,,,
1617,"Night  (The Night Trilogy, #1)",Elie Wiesel,"Wiesel, Elie","Marion Wiesel, François Mauriac","=""""","=""""",4,4.34,Hill & Wang,Paperback,115,2006,1956,,2013/03/20,,,read,,,,1,,,0,,,,,
10884,Einstein: His Life and Universe,Walter Isaacson,"Isaacson, Walter",,"=""0743264738""","=""9780743264730""",5,4.12,Simon  Schuster,Hardcover,675,2007,2007,,2013/03/20,,,read,,,,1,,,0,,,,,
